1	Heipz GmbH Масло подсолнечное Shadow	30
2	Heipz GmbH Анальгин Leta	31
3	ОАО РосМосГосТорг Ручка шариковая Red Line	20
4	Heipz GmbH Апельсины Ревалон	4
5	Kerton Квас Ревалон	13
6	ВНИИ Агропром Доска деревянная James Bondski	46
7	ООО Леторг Томаты Ревалон	22
8	ОАО РосМосГосТорг Квас Ревалон	14
9	Heipz GmbH Доска деревянная Leta	11
10	Heipz GmbH Мотоцикл Перископ	47
11	Uzuma-Kolberg Бензин АИ-95 Ревалон	49
12	Kerton Квас Shadow	8
13	ОАО РосМосГосТорг Куриные грудки Перископ	32
14	Heipz GmbH Томаты Shadow	3
15	Leizein Семечки Red Line	33
16	Leizein Масло машинное Ромашка	31
17	ООО Леторг Молоко Ромашка	28
18	ВНИИ Агропром Анальгин Leta	15
19	Heipz GmbH Доска деревянная Поездка	3
20	Heipz GmbH Квас James Bondski	28
21	ОАО РосМосГосТорг Бензин АИ-95 James Bondski	49
22	Leizein Рубашка хб Перископ	14
23	ВНИИ Агропром Молоко Leta	12
24	ОАО РосМосГосТорг Куриные грудки Ромашка	45
25	ВНИИ Агропром Яблоки Антоновка Shadow	4
26	ВНИИ Агропром Квас Shadow	7
27	ООО Леторг Бензин АИ-95 James Bondski	42
28	Heipz GmbH Рубашка хб Перископ	4
29	Kerton Масло подсолнечное Ревалон	44
30	ВНИИ Агропром Куриные грудки Leta	39
31	Uzuma-Kolberg Апельсины Shadow	16
32	ВНИИ Агропром Лапша бп Поездка	29
33	Leizein Куриные грудки Ревалон	24
34	Leizein Лапша бп James Bondski	37
35	Heipz GmbH Анальгин Поездка	28
36	Kerton Семечки Поездка	39
37	ВНИИ Агропром Яблоки Антоновка Ревалон	29
38	Heipz GmbH Яблоки Антоновка Перископ	14
39	ОАО РосМосГосТорг Конфеты шоколадные Ромашка	38
40	Heipz GmbH Апельсины Ревалон	15
41	Uzuma-Kolberg Сталь Ревалон	30
42	Kerton Конфеты шоколадные Поездка	21
43	Leizein Лимонад Байкал Поездка	34
44	Heipz GmbH Рубашка хб Red Line	33
45	Leizein Молоко Поездка	30
46	ОАО РосМосГосТорг Молоко Поездка	19
47	ОАО РосМосГосТорг Ручка шариковая Поездка	48
48	ООО Леторг Мотоцикл James Bondski	20
49	Kerton Доска деревянная Ревалон	46
50	ВНИИ Агропром Апельсины Leta	39
51	ООО Леторг Рубашка хб Поездка	46
52	Uzuma-Kolberg Молоко Shadow	6
53	ОАО РосМосГосТорг Пиво Жигули барное Перископ	45
54	ВНИИ Агропром Молоко James Bondski	24
55	Heipz GmbH Молоко Ревалон	38
56	Heipz GmbH Лапша бп Ромашка	23
57	ОАО РосМосГосТорг Лимонад Байкал Leta	5
58	ОАО РосМосГосТорг Конфеты шоколадные Leta	35
59	ВНИИ Агропром Бензин АИ-95 Поездка	35
60	ООО Леторг Бензин АИ-95 Shadow	40
61	Heipz GmbH Апельсины Перископ	1
62	Uzuma-Kolberg Томаты Ревалон	17
63	ООО Леторг Квас Ромашка	45
64	Kerton Молоко Leta	28
65	ВНИИ Агропром Доска деревянная James Bondski	12
66	Leizein Квас Поездка	17
67	ВНИИ Агропром Ручка шариковая Leta	12
68	ООО Леторг Масло машинное Shadow	41
69	Uzuma-Kolberg Сталь Перископ	45
70	ОАО РосМосГосТорг Семечки Перископ	31
71	ООО Леторг Доска деревянная Перископ	44
72	Heipz GmbH Анальгин Ромашка	33
73	Kerton Томаты Shadow	27
74	ВНИИ Агропром Апельсины Ромашка	47
75	Kerton Мотоцикл Leta	34
76	Heipz GmbH Конфеты шоколадные Ревалон	44
77	Uzuma-Kolberg Сталь Red Line	8
78	Leizein Апельсины Ревалон	6
79	ООО Леторг Апельсины Ревалон	45
80	ООО Леторг Конфеты шоколадные Ромашка	36
81	Leizein Сталь Red Line	43
82	Kerton Молоко Red Line	17
83	ВНИИ Агропром Лапша бп Leta	41
84	Leizein Шоколадка Поездка	23
85	ОАО РосМосГосТорг Лимонад Байкал Ревалон	23
86	Heipz GmbH Анальгин Перископ	16
87	Leizein Томаты Shadow	40
88	ОАО РосМосГосТорг Масло подсолнечное Перископ	45
89	Uzuma-Kolberg Сталь Leta	32
90	Heipz GmbH Масло машинное Перископ	29
91	Heipz GmbH Апельсины Ромашка	36
92	Kerton Молоко Ревалон	14
93	Uzuma-Kolberg Пиво Жигули барное Поездка	43
94	Kerton Семечки Leta	26
95	Heipz GmbH Молоко Red Line	9
96	ВНИИ Агропром Шоколадка Поездка	30
97	Uzuma-Kolberg Рубашка хб James Bondski	22
98	Kerton Сталь Shadow	30
99	Heipz GmbH Шоколадка Поездка	49
100	ОАО РосМосГосТорг Ручка шариковая Red Line	6
101	Kerton Шоколадка Ревалон	1
102	ВНИИ Агропром Мотоцикл Ревалон	7
103	Heipz GmbH Масло подсолнечное Red Line	6
104	Heipz GmbH Семечки Shadow	38
105	Uzuma-Kolberg Бензин АИ-95 Red Line	15
106	ООО Леторг Семечки Leta	26
107	ОАО РосМосГосТорг Сталь Ромашка	18
108	ВНИИ Агропром Масло подсолнечное Red Line	2
109	ООО Леторг Сталь Ревалон	48
110	ОАО РосМосГосТорг Квас Red Line	45
111	Leizein Ручка шариковая Перископ	25
112	ООО Леторг Лапша бп Перископ	11
113	Heipz GmbH Лапша бп James Bondski	2
114	ООО Леторг Квас Перископ	12
115	Kerton Шоколадка Поездка	27
116	ОАО РосМосГосТорг Куриные грудки Перископ	27
117	Kerton Сталь Red Line	48
118	ВНИИ Агропром Масло подсолнечное Ромашка	44
119	Leizein Семечки Ромашка	25
120	ООО Леторг Лапша бп Shadow	42
121	ОАО РосМосГосТорг Лапша бп James Bondski	49
122	Kerton Лапша бп Ревалон	42
123	Kerton Конфеты шоколадные Ромашка	11
124	Heipz GmbH Молоко Shadow	34
125	Leizein Томаты Перископ	35
126	Kerton Ручка шариковая Ревалон	47
127	ВНИИ Агропром Бензин АИ-95 Ревалон	23
128	Kerton Пиво Жигули барное Перископ	37
129	Kerton Апельсины Ревалон	36
130	ОАО РосМосГосТорг Рубашка хб Перископ	42
131	ООО Леторг Куриные грудки Ревалон	4
132	Uzuma-Kolberg Молоко Ромашка	5
133	ООО Леторг Лапша бп Перископ	35
134	ВНИИ Агропром Шоколадка Red Line	3
135	ВНИИ Агропром Семечки Ромашка	7
136	ОАО РосМосГосТорг Мотоцикл Ромашка	15
137	Kerton Доска деревянная Поездка	12
138	Heipz GmbH Конфеты шоколадные James Bondski	8
139	Heipz GmbH Бензин АИ-95 Поездка	43
140	Leizein Шоколадка Ревалон	23
141	Uzuma-Kolberg Молоко Red Line	27
142	ООО Леторг Апельсины Поездка	28
143	ОАО РосМосГосТорг Лапша бп Leta	46
144	Heipz GmbH Квас Red Line	14
145	ОАО РосМосГосТорг Куриные грудки Red Line	30
146	Leizein Бензин АИ-95 Red Line	4
147	ВНИИ Агропром Ручка шариковая James Bondski	41
148	Leizein Ручка шариковая Shadow	6
149	Leizein Апельсины Leta	33
150	ООО Леторг Семечки Shadow	5
151	Uzuma-Kolberg Ручка шариковая Поездка	4
152	ООО Леторг Сталь Red Line	48
153	ВНИИ Агропром Конфеты шоколадные James Bondski	46
154	Kerton Ручка шариковая Ревалон	9
155	Heipz GmbH Сталь Shadow	3
156	Uzuma-Kolberg Бензин АИ-95 Поездка	19
157	ОАО РосМосГосТорг Яблоки Антоновка Перископ	23
158	Uzuma-Kolberg Масло подсолнечное Ромашка	9
159	ООО Леторг Масло машинное Red Line	15
160	Leizein Семечки Перископ	30
161	ОАО РосМосГосТорг Пиво Жигули барное Поездка	28
162	Kerton Сталь Red Line	38
163	Heipz GmbH Апельсины Поездка	39
164	Leizein Анальгин Shadow	38
165	Kerton Сталь Red Line	28
166	Leizein Рубашка хб Перископ	9
167	ВНИИ Агропром Мотоцикл James Bondski	1
168	ОАО РосМосГосТорг Семечки Ромашка	2
169	Kerton Мотоцикл Перископ	38
170	Heipz GmbH Квас Ревалон	31
171	Uzuma-Kolberg Бензин АИ-95 Перископ	42
172	Heipz GmbH Анальгин Перископ	11
173	Kerton Апельсины Leta	26
174	Leizein Сталь Red Line	41
175	ООО Леторг Томаты Leta	18
176	ВНИИ Агропром Томаты Ромашка	7
177	ВНИИ Агропром Квас Поездка	38
178	Heipz GmbH Томаты Red Line	43
179	ООО Леторг Лапша бп Shadow	24
180	ООО Леторг Рубашка хб Поездка	5
181	ВНИИ Агропром Лапша бп Перископ	9
182	Heipz GmbH Шоколадка Поездка	32
183	Heipz GmbH Конфеты шоколадные Ревалон	15
184	Uzuma-Kolberg Масло машинное James Bondski	45
185	ООО Леторг Сталь Поездка	21
186	ВНИИ Агропром Яблоки Антоновка Перископ	17
187	ВНИИ Агропром Апельсины James Bondski	37
188	ОАО РосМосГосТорг Квас Перископ	19
189	Leizein Апельсины Leta	48
190	Kerton Апельсины Поездка	1
191	Uzuma-Kolberg Квас Shadow	30
192	Leizein Рубашка хб Ревалон	24
193	ВНИИ Агропром Рубашка хб Поездка	5
194	ВНИИ Агропром Яблоки Антоновка Red Line	30
195	Uzuma-Kolberg Рубашка хб Ревалон	6
196	Heipz GmbH Бензин АИ-95 Перископ	13
197	Heipz GmbH Масло подсолнечное James Bondski	29
198	ОАО РосМосГосТорг Семечки Поездка	46
199	ООО Леторг Шоколадка Поездка	32
200	Kerton Пиво Жигули барное Leta	49
201	Leizein Бензин АИ-95 Ромашка	36
202	Heipz GmbH Ручка шариковая Ромашка	47
203	Heipz GmbH Конфеты шоколадные Shadow	46
204	ВНИИ Агропром Бензин АИ-95 Поездка	8
205	Leizein Ручка шариковая Поездка	16
206	ООО Леторг Пиво Жигули барное Red Line	9
207	Heipz GmbH Яблоки Антоновка Red Line	17
208	ООО Леторг Шоколадка Ревалон	33
209	Heipz GmbH Масло машинное Red Line	37
210	ВНИИ Агропром Бензин АИ-95 Перископ	36
211	Kerton Бензин АИ-95 Поездка	21
212	ВНИИ Агропром Анальгин James Bondski	17
213	ООО Леторг Сталь Перископ	21
214	Uzuma-Kolberg Шоколадка Перископ	6
215	ООО Леторг Семечки Перископ	17
216	Leizein Доска деревянная Перископ	32
217	ОАО РосМосГосТорг Бензин АИ-95 Поездка	1
218	Uzuma-Kolberg Рубашка хб Поездка	10
219	Uzuma-Kolberg Доска деревянная Ромашка	38
220	Kerton Доска деревянная Поездка	29
221	ООО Леторг Масло машинное Поездка	18
222	Uzuma-Kolberg Куриные грудки Поездка	22
223	ОАО РосМосГосТорг Куриные грудки Ревалон	38
224	Kerton Томаты Red Line	31
225	Kerton Лимонад Байкал Ревалон	42
226	ВНИИ Агропром Апельсины Поездка	44
227	ОАО РосМосГосТорг Сталь Shadow	30
228	Uzuma-Kolberg Шоколадка Shadow	4
229	Uzuma-Kolberg Куриные грудки Перископ	36
230	ОАО РосМосГосТорг Квас James Bondski	7
231	ОАО РосМосГосТорг Масло подсолнечное Shadow	24
232	Heipz GmbH Молоко Перископ	13
233	Kerton Квас Поездка	33
234	ВНИИ Агропром Конфеты шоколадные Перископ	22
235	Leizein Анальгин James Bondski	4
236	ООО Леторг Масло машинное Ревалон	44
237	ВНИИ Агропром Томаты Shadow	49
238	ВНИИ Агропром Ручка шариковая Ревалон	20
239	ВНИИ Агропром Апельсины James Bondski	35
240	ОАО РосМосГосТорг Мотоцикл Ромашка	15
241	ВНИИ Агропром Анальгин Leta	16
242	Heipz GmbH Масло машинное Поездка	27
243	Kerton Рубашка хб Leta	35
244	Uzuma-Kolberg Лапша бп Поездка	29
245	ВНИИ Агропром Семечки Red Line	49
246	ООО Леторг Молоко James Bondski	15
247	Leizein Молоко Shadow	42
248	Kerton Лимонад Байкал Red Line	14
249	Leizein Яблоки Антоновка Shadow	31
250	ОАО РосМосГосТорг Шоколадка James Bondski	13
251	Kerton Томаты Red Line	6
252	ОАО РосМосГосТорг Пиво Жигули барное Поездка	29
253	Uzuma-Kolberg Бензин АИ-95 Ревалон	5
254	ВНИИ Агропром Молоко Leta	3
255	Leizein Семечки Перископ	15
256	ВНИИ Агропром Квас Red Line	17
257	Kerton Лимонад Байкал Ромашка	18
258	ООО Леторг Масло машинное Red Line	43
259	Leizein Доска деревянная Перископ	9
260	ВНИИ Агропром Шоколадка Red Line	1
261	Uzuma-Kolberg Шоколадка Ревалон	2
262	Kerton Лимонад Байкал Ревалон	29
263	ОАО РосМосГосТорг Масло машинное Ромашка	23
264	Leizein Томаты Поездка	28
265	ОАО РосМосГосТорг Куриные грудки Leta	33
266	ОАО РосМосГосТорг Масло машинное Red Line	28
267	Kerton Конфеты шоколадные James Bondski	17
268	Leizein Доска деревянная James Bondski	19
269	Kerton Масло машинное Shadow	3
270	Uzuma-Kolberg Пиво Жигули барное Перископ	16
271	Kerton Бензин АИ-95 James Bondski	26
272	Kerton Апельсины James Bondski	44
273	Kerton Ручка шариковая James Bondski	16
274	ООО Леторг Мотоцикл Перископ	28
275	ООО Леторг Сталь Leta	20
276	ВНИИ Агропром Апельсины James Bondski	47
277	Kerton Доска деревянная Ревалон	34
278	Uzuma-Kolberg Ручка шариковая Leta	17
279	ВНИИ Агропром Сталь Поездка	28
280	Uzuma-Kolberg Яблоки Антоновка Поездка	47
281	Uzuma-Kolberg Анальгин Red Line	34
282	ООО Леторг Масло машинное James Bondski	22
283	Leizein Молоко Leta	37
284	ОАО РосМосГосТорг Рубашка хб James Bondski	10
285	Kerton Доска деревянная Ромашка	41
286	ОАО РосМосГосТорг Молоко Red Line	7
287	Leizein Пиво Жигули барное Поездка	26
288	ООО Леторг Сталь Shadow	43
289	ОАО РосМосГосТорг Рубашка хб Red Line	17
290	Kerton Сталь Shadow	48
291	Uzuma-Kolberg Ручка шариковая Red Line	2
292	Kerton Яблоки Антоновка Shadow	34
293	ОАО РосМосГосТорг Анальгин Ромашка	42
294	ОАО РосМосГосТорг Молоко James Bondski	36
295	ОАО РосМосГосТорг Конфеты шоколадные Перископ	4
296	Leizein Мотоцикл Ромашка	16
297	Uzuma-Kolberg Конфеты шоколадные Shadow	21
298	Uzuma-Kolberg Анальгин Leta	36
299	Heipz GmbH Семечки Shadow	41
300	Kerton Анальгин Leta	5
301	ВНИИ Агропром Доска деревянная Red Line	11
302	Kerton Шоколадка Leta	35
303	Leizein Мотоцикл Red Line	26
304	Uzuma-Kolberg Куриные грудки Shadow	1
305	ОАО РосМосГосТорг Томаты James Bondski	26
306	Uzuma-Kolberg Ручка шариковая James Bondski	14
307	Leizein Масло машинное Red Line	47
308	ВНИИ Агропром Доска деревянная Ревалон	16
309	Heipz GmbH Бензин АИ-95 Ромашка	19
310	Uzuma-Kolberg Рубашка хб Shadow	17
311	Kerton Рубашка хб Leta	35
312	Kerton Яблоки Антоновка Поездка	24
313	Uzuma-Kolberg Рубашка хб Shadow	15
314	ООО Леторг Конфеты шоколадные Ревалон	45
315	ОАО РосМосГосТорг Масло машинное Leta	16
316	Heipz GmbH Лапша бп Ромашка	45
317	ВНИИ Агропром Томаты Shadow	14
318	Leizein Молоко Ревалон	28
319	ВНИИ Агропром Доска деревянная Поездка	16
320	ВНИИ Агропром Семечки Shadow	28
321	ВНИИ Агропром Мотоцикл Leta	20
322	Kerton Лапша бп Leta	21
323	ОАО РосМосГосТорг Масло подсолнечное Ревалон	35
324	ООО Леторг Масло подсолнечное Поездка	5
325	ОАО РосМосГосТорг Бензин АИ-95 James Bondski	45
326	ОАО РосМосГосТорг Лимонад Байкал Ромашка	14
327	ООО Леторг Лапша бп Leta	47
328	ВНИИ Агропром Масло машинное Ромашка	41
329	Kerton Пиво Жигули барное Поездка	48
330	Kerton Куриные грудки Поездка	28
331	Uzuma-Kolberg Ручка шариковая Поездка	35
332	ВНИИ Агропром Конфеты шоколадные Shadow	47
333	Heipz GmbH Сталь James Bondski	5
334	Uzuma-Kolberg Квас Red Line	4
335	ВНИИ Агропром Молоко Перископ	1
336	Uzuma-Kolberg Лапша бп James Bondski	3
337	ВНИИ Агропром Мотоцикл Shadow	49
338	Leizein Семечки James Bondski	39
339	Leizein Масло машинное Ревалон	1
340	Leizein Молоко Перископ	6
341	ВНИИ Агропром Яблоки Антоновка Shadow	3
342	Leizein Мотоцикл Перископ	25
343	Leizein Куриные грудки James Bondski	49
344	ВНИИ Агропром Пиво Жигули барное James Bondski	21
345	Leizein Куриные грудки Ромашка	49
346	Heipz GmbH Лапша бп Leta	22
347	ОАО РосМосГосТорг Масло подсолнечное Leta	18
348	Kerton Доска деревянная Перископ	29
349	Leizein Апельсины Shadow	24
350	ООО Леторг Доска деревянная James Bondski	18
351	Kerton Анальгин Red Line	31
352	Kerton Ручка шариковая Поездка	47
353	ООО Леторг Масло машинное Leta	20
354	Leizein Доска деревянная James Bondski	1
355	ВНИИ Агропром Квас Ревалон	44
356	ВНИИ Агропром Мотоцикл Ромашка	5
357	Heipz GmbH Рубашка хб Red Line	40
358	Heipz GmbH Апельсины Shadow	38
359	Leizein Бензин АИ-95 Shadow	29
360	Kerton Доска деревянная Перископ	23
361	ВНИИ Агропром Ручка шариковая Ревалон	16
362	ВНИИ Агропром Томаты Shadow	46
363	Leizein Пиво Жигули барное Leta	37
364	Leizein Масло подсолнечное Ревалон	41
365	Uzuma-Kolberg Конфеты шоколадные James Bondski	26
366	ООО Леторг Лапша бп Перископ	44
367	Kerton Рубашка хб Перископ	31
368	Leizein Масло подсолнечное Shadow	33
369	Leizein Семечки Shadow	19
370	Uzuma-Kolberg Анальгин Поездка	23
371	Leizein Шоколадка Ревалон	16
372	Uzuma-Kolberg Мотоцикл Red Line	6
373	ОАО РосМосГосТорг Масло машинное Перископ	33
374	ООО Леторг Масло подсолнечное James Bondski	49
375	ОАО РосМосГосТорг Масло подсолнечное Red Line	30
376	Kerton Масло подсолнечное Leta	29
377	ООО Леторг Лапша бп Ревалон	16
378	ОАО РосМосГосТорг Рубашка хб Leta	43
379	ООО Леторг Пиво Жигули барное Red Line	6
380	ОАО РосМосГосТорг Мотоцикл Поездка	30
381	Leizein Мотоцикл Ромашка	26
382	Kerton Апельсины James Bondski	32
383	Leizein Апельсины Red Line	27
384	Kerton Лапша бп Red Line	20
385	Kerton Масло машинное Ромашка	47
386	ОАО РосМосГосТорг Лапша бп Ромашка	5
387	Heipz GmbH Анальгин Leta	21
388	Leizein Ручка шариковая James Bondski	12
389	Heipz GmbH Масло подсолнечное Поездка	18
390	Heipz GmbH Молоко James Bondski	8
391	Leizein Сталь Перископ	29
392	ВНИИ Агропром Анальгин Поездка	30
393	Leizein Апельсины Red Line	33
394	Leizein Шоколадка Leta	6
395	Kerton Лимонад Байкал Shadow	7
396	ОАО РосМосГосТорг Анальгин Перископ	13
397	Kerton Масло машинное Поездка	21
398	Leizein Масло машинное Поездка	27
399	Kerton Сталь Red Line	22
400	ОАО РосМосГосТорг Рубашка хб Shadow	19
401	Uzuma-Kolberg Рубашка хб Перископ	16
402	Leizein Яблоки Антоновка Shadow	24
403	Uzuma-Kolberg Молоко Ромашка	23
404	ВНИИ Агропром Апельсины Перископ	30
405	Heipz GmbH Томаты Ромашка	23
406	Heipz GmbH Анальгин Leta	9
407	Uzuma-Kolberg Лапша бп Shadow	33
408	ООО Леторг Анальгин Red Line	18
409	ОАО РосМосГосТорг Мотоцикл James Bondski	24
410	Kerton Пиво Жигули барное Red Line	41
411	Leizein Ручка шариковая Red Line	10
412	Kerton Семечки James Bondski	34
413	Kerton Томаты Ревалон	40
414	ВНИИ Агропром Рубашка хб Ревалон	29
415	ОАО РосМосГосТорг Семечки Shadow	23
416	Leizein Рубашка хб Shadow	2
417	Leizein Пиво Жигули барное Поездка	10
418	Kerton Яблоки Антоновка Ревалон	31
419	ООО Леторг Семечки Ромашка	42
420	Leizein Сталь Поездка	2
421	Kerton Анальгин James Bondski	26
422	ОАО РосМосГосТорг Доска деревянная Shadow	42
423	ОАО РосМосГосТорг Квас Ромашка	26
424	ОАО РосМосГосТорг Бензин АИ-95 Shadow	24
425	Kerton Томаты Перископ	26
426	ВНИИ Агропром Бензин АИ-95 Shadow	6
427	Heipz GmbH Бензин АИ-95 Red Line	49
428	ООО Леторг Доска деревянная James Bondski	4
429	Heipz GmbH Сталь Leta	41
430	ВНИИ Агропром Анальгин James Bondski	43
431	Kerton Анальгин Ревалон	38
432	ООО Леторг Молоко Ромашка	10
433	ОАО РосМосГосТорг Семечки James Bondski	17
434	Heipz GmbH Шоколадка Ромашка	7
435	Kerton Мотоцикл Shadow	1
436	ВНИИ Агропром Шоколадка Поездка	46
437	Uzuma-Kolberg Молоко Shadow	4
438	ВНИИ Агропром Рубашка хб Перископ	15
439	ОАО РосМосГосТорг Доска деревянная James Bondski	20
440	ООО Леторг Лимонад Байкал Shadow	5
441	Heipz GmbH Лимонад Байкал Leta	23
442	Heipz GmbH Семечки Перископ	49
443	ВНИИ Агропром Анальгин Shadow	26
444	Heipz GmbH Мотоцикл James Bondski	48
445	ОАО РосМосГосТорг Доска деревянная Ревалон	10
446	Heipz GmbH Куриные грудки Leta	48
447	Heipz GmbH Доска деревянная Shadow	8
448	Kerton Ручка шариковая Ромашка	28
449	Leizein Лапша бп Перископ	16
450	Uzuma-Kolberg Томаты James Bondski	38
451	ООО Леторг Масло подсолнечное Ромашка	3
452	Leizein Бензин АИ-95 Перископ	10
453	Uzuma-Kolberg Масло подсолнечное Перископ	22
454	Kerton Анальгин James Bondski	49
455	Leizein Бензин АИ-95 James Bondski	18
456	Kerton Лимонад Байкал Shadow	39
457	Kerton Масло машинное James Bondski	17
458	Kerton Рубашка хб Leta	17
459	Uzuma-Kolberg Лимонад Байкал Shadow	19
460	ВНИИ Агропром Масло машинное James Bondski	13
461	Uzuma-Kolberg Молоко Shadow	22
462	Leizein Бензин АИ-95 Red Line	14
463	ОАО РосМосГосТорг Томаты Ревалон	18
464	ООО Леторг Семечки Leta	10
465	Leizein Масло подсолнечное Перископ	49
466	ВНИИ Агропром Томаты Leta	10
467	ВНИИ Агропром Масло подсолнечное Ромашка	25
468	ООО Леторг Ручка шариковая Red Line	30
469	Leizein Масло машинное James Bondski	35
470	ООО Леторг Ручка шариковая Перископ	40
471	Uzuma-Kolberg Пиво Жигули барное Ромашка	4
472	ОАО РосМосГосТорг Масло машинное Shadow	33
473	Heipz GmbH Рубашка хб Leta	41
474	ОАО РосМосГосТорг Масло машинное Red Line	11
475	ООО Леторг Мотоцикл Red Line	3
476	Uzuma-Kolberg Масло подсолнечное Ревалон	21
477	Kerton Конфеты шоколадные Red Line	25
478	Heipz GmbH Сталь Ромашка	20
479	ВНИИ Агропром Масло машинное Поездка	13
480	ООО Леторг Масло машинное Red Line	35
481	Kerton Семечки Shadow	39
482	ВНИИ Агропром Лапша бп Ромашка	20
483	ОАО РосМосГосТорг Анальгин Ревалон	3
484	Heipz GmbH Рубашка хб Shadow	16
485	Leizein Сталь Поездка	34
486	Uzuma-Kolberg Куриные грудки Ревалон	10
487	ОАО РосМосГосТорг Сталь Ревалон	37
488	ВНИИ Агропром Масло машинное Перископ	13
489	ООО Леторг Конфеты шоколадные Ревалон	43
490	ООО Леторг Пиво Жигули барное Leta	20
491	Kerton Мотоцикл Shadow	44
492	ВНИИ Агропром Доска деревянная Ромашка	10
493	ВНИИ Агропром Доска деревянная Leta	44
494	Leizein Бензин АИ-95 Поездка	36
495	ОАО РосМосГосТорг Бензин АИ-95 Leta	44
496	ВНИИ Агропром Пиво Жигули барное Поездка	4
497	Leizein Яблоки Антоновка James Bondski	36
498	Leizein Томаты James Bondski	9
499	Heipz GmbH Масло машинное Shadow	38
500	ОАО РосМосГосТорг Квас James Bondski	46
501	Leizein Масло подсолнечное Ревалон	14
502	ОАО РосМосГосТорг Куриные грудки Red Line	7
503	Uzuma-Kolberg Шоколадка Ревалон	34
504	Uzuma-Kolberg Конфеты шоколадные James Bondski	23
505	Leizein Анальгин James Bondski	49
506	ООО Леторг Мотоцикл Shadow	11
507	Kerton Куриные грудки James Bondski	37
508	ОАО РосМосГосТорг Апельсины Shadow	15
509	Heipz GmbH Яблоки Антоновка Ромашка	46
510	Uzuma-Kolberg Молоко Leta	14
511	ООО Леторг Семечки Red Line	37
512	Uzuma-Kolberg Ручка шариковая Shadow	13
513	Leizein Масло подсолнечное Поездка	37
514	ОАО РосМосГосТорг Лапша бп Ромашка	39
515	ООО Леторг Доска деревянная Ромашка	41
516	Uzuma-Kolberg Пиво Жигули барное Ревалон	33
517	ВНИИ Агропром Бензин АИ-95 Red Line	10
518	ООО Леторг Анальгин Поездка	10
519	Leizein Бензин АИ-95 James Bondski	47
520	Leizein Доска деревянная James Bondski	37
521	ООО Леторг Рубашка хб Ромашка	37
522	ООО Леторг Масло машинное Shadow	46
523	Leizein Лимонад Байкал Перископ	35
524	Uzuma-Kolberg Пиво Жигули барное Shadow	7
525	Leizein Рубашка хб Ревалон	7
526	Leizein Масло подсолнечное Ревалон	1
527	ООО Леторг Ручка шариковая Ревалон	45
528	ООО Леторг Анальгин Ромашка	2
529	Heipz GmbH Конфеты шоколадные Ромашка	11
530	ОАО РосМосГосТорг Конфеты шоколадные Ромашка	32
531	Heipz GmbH Мотоцикл James Bondski	34
532	ООО Леторг Масло подсолнечное Shadow	27
533	Leizein Бензин АИ-95 Red Line	15
534	ООО Леторг Масло подсолнечное Ромашка	17
535	ВНИИ Агропром Куриные грудки Перископ	20
536	ОАО РосМосГосТорг Ручка шариковая James Bondski	6
537	Kerton Ручка шариковая Перископ	18
538	ОАО РосМосГосТорг Молоко Ромашка	18
539	Uzuma-Kolberg Конфеты шоколадные Ревалон	18
540	ООО Леторг Бензин АИ-95 Red Line	39
541	ОАО РосМосГосТорг Яблоки Антоновка Поездка	8
542	Uzuma-Kolberg Бензин АИ-95 Red Line	34
543	Kerton Апельсины Red Line	21
544	Leizein Сталь Shadow	5
545	ВНИИ Агропром Пиво Жигули барное Red Line	13
546	ООО Леторг Ручка шариковая Поездка	6
547	ВНИИ Агропром Масло машинное Shadow	12
548	Uzuma-Kolberg Томаты Ревалон	20
549	ООО Леторг Яблоки Антоновка Перископ	5
550	ООО Леторг Сталь Red Line	46
551	Kerton Масло машинное Red Line	30
552	Heipz GmbH Конфеты шоколадные Red Line	24
553	Kerton Яблоки Антоновка James Bondski	25
554	ООО Леторг Доска деревянная Leta	2
555	Kerton Пиво Жигули барное James Bondski	28
556	Kerton Яблоки Антоновка Red Line	48
557	ВНИИ Агропром Пиво Жигули барное Поездка	16
558	Leizein Рубашка хб Leta	49
559	ООО Леторг Бензин АИ-95 Перископ	45
560	ООО Леторг Шоколадка Shadow	28
561	Heipz GmbH Семечки Shadow	2
562	ВНИИ Агропром Доска деревянная Ромашка	1
563	ОАО РосМосГосТорг Апельсины Leta	49
564	Heipz GmbH Масло машинное Shadow	12
565	Leizein Молоко Leta	33
566	Heipz GmbH Шоколадка James Bondski	37
567	ОАО РосМосГосТорг Анальгин James Bondski	41
568	ОАО РосМосГосТорг Конфеты шоколадные Red Line	4
569	Heipz GmbH Шоколадка Leta	39
570	ООО Леторг Бензин АИ-95 Leta	46
571	Heipz GmbH Шоколадка James Bondski	36
572	Leizein Яблоки Антоновка James Bondski	48
573	Leizein Масло машинное Leta	31
574	Kerton Бензин АИ-95 Red Line	43
575	ВНИИ Агропром Сталь Ромашка	13
576	ВНИИ Агропром Куриные грудки Ромашка	26
577	Leizein Бензин АИ-95 Ревалон	1
578	ОАО РосМосГосТорг Мотоцикл Ромашка	22
579	ООО Леторг Квас Leta	26
580	Leizein Конфеты шоколадные Поездка	33
581	Heipz GmbH Яблоки Антоновка Ревалон	42
582	ВНИИ Агропром Доска деревянная Поездка	38
583	ООО Леторг Доска деревянная Ромашка	44
584	Heipz GmbH Сталь Shadow	10
585	ОАО РосМосГосТорг Доска деревянная Red Line	48
586	Uzuma-Kolberg Сталь Перископ	16
587	ВНИИ Агропром Куриные грудки Перископ	26
588	Leizein Сталь Red Line	39
589	Leizein Пиво Жигули барное Ромашка	30
590	Kerton Апельсины James Bondski	47
591	Heipz GmbH Рубашка хб Ромашка	28
592	Kerton Апельсины Shadow	48
593	Leizein Ручка шариковая Ромашка	19
594	ООО Леторг Рубашка хб Red Line	21
595	Heipz GmbH Томаты Ромашка	49
596	Leizein Бензин АИ-95 Ревалон	36
597	Heipz GmbH Доска деревянная Ревалон	11
598	Heipz GmbH Апельсины Перископ	25
599	Heipz GmbH Пиво Жигули барное James Bondski	23
600	Heipz GmbH Куриные грудки Ромашка	43
601	Leizein Масло машинное Red Line	49
602	Leizein Конфеты шоколадные Red Line	28
603	ВНИИ Агропром Масло подсолнечное Ревалон	9
604	ВНИИ Агропром Молоко Ревалон	11
605	Uzuma-Kolberg Ручка шариковая Red Line	13
606	Kerton Шоколадка Ромашка	40
607	Uzuma-Kolberg Пиво Жигули барное Перископ	9
608	Kerton Семечки Ромашка	9
609	Uzuma-Kolberg Анальгин Ревалон	6
610	Leizein Квас Ревалон	37
611	Uzuma-Kolberg Куриные грудки Поездка	38
612	ОАО РосМосГосТорг Масло подсолнечное James Bondski	32
613	ОАО РосМосГосТорг Куриные грудки Перископ	16
614	Kerton Семечки Перископ	35
615	Leizein Шоколадка Leta	18
616	Heipz GmbH Анальгин Ромашка	3
617	Kerton Молоко Ревалон	14
618	ОАО РосМосГосТорг Анальгин Shadow	26
619	Kerton Куриные грудки Ромашка	19
620	Leizein Анальгин Перископ	15
621	ООО Леторг Пиво Жигули барное Leta	27
622	ВНИИ Агропром Семечки Red Line	22
623	Uzuma-Kolberg Томаты Ромашка	33
624	Uzuma-Kolberg Доска деревянная James Bondski	15
625	ООО Леторг Бензин АИ-95 Поездка	31
626	Kerton Томаты James Bondski	38
627	Leizein Апельсины Shadow	24
628	Uzuma-Kolberg Масло подсолнечное Ромашка	48
629	ООО Леторг Лимонад Байкал Ромашка	41
630	Uzuma-Kolberg Апельсины Leta	26
631	ООО Леторг Шоколадка Ревалон	2
632	Leizein Рубашка хб Red Line	41
633	ОАО РосМосГосТорг Лимонад Байкал James Bondski	11
634	ВНИИ Агропром Лимонад Байкал Red Line	43
635	ООО Леторг Молоко Shadow	37
636	Uzuma-Kolberg Масло машинное James Bondski	14
637	Leizein Куриные грудки Перископ	23
638	Uzuma-Kolberg Доска деревянная Поездка	6
639	Heipz GmbH Сталь Leta	36
640	Heipz GmbH Масло машинное Ромашка	46
641	Uzuma-Kolberg Конфеты шоколадные James Bondski	17
642	Leizein Конфеты шоколадные Перископ	34
643	Kerton Лимонад Байкал Ревалон	31
644	ВНИИ Агропром Пиво Жигули барное Ревалон	23
645	Kerton Анальгин James Bondski	2
646	Heipz GmbH Мотоцикл Ромашка	46
647	ОАО РосМосГосТорг Шоколадка Ревалон	35
648	Leizein Молоко Leta	36
649	ООО Леторг Сталь Leta	16
650	ОАО РосМосГосТорг Шоколадка James Bondski	26
651	Heipz GmbH Бензин АИ-95 Red Line	32
652	Uzuma-Kolberg Молоко Поездка	2
653	Heipz GmbH Пиво Жигули барное Ромашка	41
654	ВНИИ Агропром Квас James Bondski	31
655	Heipz GmbH Рубашка хб Перископ	24
656	ОАО РосМосГосТорг Томаты Ревалон	33
657	ООО Леторг Конфеты шоколадные Ромашка	28
658	Kerton Шоколадка Shadow	32
659	ООО Леторг Бензин АИ-95 James Bondski	1
660	ВНИИ Агропром Сталь Red Line	38
661	ОАО РосМосГосТорг Мотоцикл Leta	28
662	Heipz GmbH Масло машинное Shadow	49
663	Uzuma-Kolberg Конфеты шоколадные Поездка	20
664	ВНИИ Агропром Сталь Поездка	21
665	Heipz GmbH Ручка шариковая Shadow	18
666	Uzuma-Kolberg Семечки James Bondski	27
667	Leizein Рубашка хб James Bondski	46
668	Leizein Доска деревянная Leta	46
669	ООО Леторг Сталь Leta	1
670	Uzuma-Kolberg Пиво Жигули барное Перископ	2
671	Leizein Бензин АИ-95 Поездка	32
672	Leizein Пиво Жигули барное Ревалон	6
673	Kerton Яблоки Антоновка Ромашка	12
674	ВНИИ Агропром Шоколадка Red Line	28
675	ОАО РосМосГосТорг Куриные грудки Shadow	1
676	Kerton Анальгин Shadow	49
677	Uzuma-Kolberg Доска деревянная Перископ	33
678	Kerton Томаты Red Line	10
679	Uzuma-Kolberg Масло машинное James Bondski	29
680	Kerton Масло машинное James Bondski	29
681	Leizein Анальгин Leta	49
682	Kerton Сталь Ромашка	28
683	ООО Леторг Пиво Жигули барное Leta	17
684	ВНИИ Агропром Масло машинное Перископ	41
685	ОАО РосМосГосТорг Яблоки Антоновка Ромашка	32
686	ОАО РосМосГосТорг Мотоцикл Leta	42
687	Kerton Масло машинное Ревалон	7
688	Uzuma-Kolberg Томаты Ромашка	6
689	Kerton Пиво Жигули барное Leta	9
690	Heipz GmbH Мотоцикл James Bondski	13
691	Leizein Бензин АИ-95 James Bondski	38
692	ООО Леторг Сталь Shadow	36
693	Leizein Лапша бп Поездка	3
694	Leizein Масло машинное Shadow	11
695	Uzuma-Kolberg Сталь Ревалон	43
696	Uzuma-Kolberg Шоколадка Перископ	38
697	Heipz GmbH Масло подсолнечное Red Line	41
698	Heipz GmbH Квас Leta	1
699	Uzuma-Kolberg Пиво Жигули барное Перископ	47
700	Heipz GmbH Бензин АИ-95 Поездка	38
701	Uzuma-Kolberg Доска деревянная James Bondski	10
702	ООО Леторг Шоколадка Поездка	5
703	ОАО РосМосГосТорг Пиво Жигули барное Поездка	49
704	Uzuma-Kolberg Лапша бп Leta	36
705	Heipz GmbH Рубашка хб Перископ	13
706	ВНИИ Агропром Конфеты шоколадные Ромашка	44
707	Uzuma-Kolberg Яблоки Антоновка James Bondski	48
708	Leizein Ручка шариковая Red Line	13
709	Leizein Пиво Жигули барное James Bondski	23
710	ВНИИ Агропром Апельсины Leta	22
711	ООО Леторг Апельсины Поездка	34
712	Uzuma-Kolberg Лапша бп Перископ	32
713	Kerton Куриные грудки Перископ	40
714	Heipz GmbH Рубашка хб Ревалон	15
715	Heipz GmbH Доска деревянная Leta	2
716	Uzuma-Kolberg Конфеты шоколадные Ромашка	44
717	ВНИИ Агропром Шоколадка Leta	39
718	ОАО РосМосГосТорг Доска деревянная James Bondski	43
719	ВНИИ Агропром Томаты Red Line	3
720	Kerton Апельсины James Bondski	18
721	Leizein Квас Поездка	3
722	Leizein Масло машинное Перископ	29
723	ВНИИ Агропром Шоколадка Ревалон	46
724	Kerton Лимонад Байкал Leta	12
725	Uzuma-Kolberg Молоко Ромашка	1
726	ОАО РосМосГосТорг Доска деревянная Поездка	37
727	Uzuma-Kolberg Ручка шариковая Ревалон	3
728	Leizein Шоколадка Red Line	47
729	Kerton Масло машинное Leta	11
730	ООО Леторг Куриные грудки Shadow	4
731	Uzuma-Kolberg Яблоки Антоновка Ромашка	24
732	Kerton Мотоцикл Shadow	45
733	Heipz GmbH Лимонад Байкал Ревалон	47
734	Kerton Квас Ревалон	13
735	Heipz GmbH Масло машинное Shadow	38
736	ВНИИ Агропром Квас Leta	15
737	ООО Леторг Масло машинное Leta	43
738	Leizein Масло машинное Leta	25
739	ОАО РосМосГосТорг Шоколадка Shadow	46
740	ОАО РосМосГосТорг Доска деревянная Leta	12
741	Uzuma-Kolberg Ручка шариковая Поездка	43
742	Kerton Рубашка хб Перископ	32
743	ООО Леторг Ручка шариковая Leta	28
744	Kerton Квас Leta	10
745	Heipz GmbH Масло подсолнечное Перископ	1
746	ООО Леторг Анальгин Red Line	49
747	Heipz GmbH Пиво Жигули барное Ревалон	4
748	Heipz GmbH Яблоки Антоновка Поездка	49
749	Leizein Масло подсолнечное Leta	25
750	Leizein Доска деревянная Ревалон	40
751	Heipz GmbH Масло машинное Red Line	27
752	ООО Леторг Шоколадка Ревалон	31
753	ООО Леторг Лимонад Байкал Поездка	10
754	Heipz GmbH Томаты Leta	9
755	Heipz GmbH Рубашка хб Red Line	40
756	Heipz GmbH Шоколадка Ревалон	35
757	ВНИИ Агропром Лапша бп Shadow	17
758	Kerton Конфеты шоколадные Поездка	23
759	Uzuma-Kolberg Рубашка хб Shadow	15
760	Kerton Анальгин Ревалон	41
761	Leizein Доска деревянная Leta	47
762	ООО Леторг Молоко Ревалон	15
763	Kerton Куриные грудки Ревалон	8
764	ОАО РосМосГосТорг Лапша бп Shadow	46
765	ВНИИ Агропром Яблоки Антоновка Поездка	11
766	ВНИИ Агропром Масло подсолнечное Leta	16
767	Uzuma-Kolberg Сталь Ромашка	38
768	ВНИИ Агропром Доска деревянная Shadow	21
769	Uzuma-Kolberg Лимонад Байкал Red Line	45
770	ОАО РосМосГосТорг Мотоцикл Leta	21
771	Heipz GmbH Анальгин Leta	37
772	Uzuma-Kolberg Томаты Ревалон	22
773	ОАО РосМосГосТорг Яблоки Антоновка Shadow	12
774	ООО Леторг Доска деревянная Перископ	48
775	Kerton Масло подсолнечное James Bondski	1
776	ОАО РосМосГосТорг Сталь Leta	28
777	Leizein Апельсины Перископ	23
778	Heipz GmbH Шоколадка Ромашка	9
779	Uzuma-Kolberg Конфеты шоколадные Перископ	40
780	Heipz GmbH Мотоцикл Shadow	30
781	Heipz GmbH Куриные грудки Ревалон	31
782	ОАО РосМосГосТорг Масло подсолнечное Leta	33
783	Kerton Бензин АИ-95 Поездка	34
784	Uzuma-Kolberg Томаты Поездка	39
785	ВНИИ Агропром Рубашка хб Leta	48
786	ООО Леторг Сталь Поездка	44
787	Leizein Масло машинное Shadow	8
788	Uzuma-Kolberg Апельсины Перископ	11
789	ОАО РосМосГосТорг Сталь Leta	32
790	Kerton Конфеты шоколадные Ревалон	9
791	Kerton Квас Shadow	7
792	Leizein Молоко Shadow	44
793	ООО Леторг Семечки Поездка	24
794	Heipz GmbH Семечки Ревалон	16
795	Uzuma-Kolberg Молоко Shadow	38
796	ООО Леторг Квас Поездка	40
797	ОАО РосМосГосТорг Молоко Поездка	25
798	Kerton Квас James Bondski	12
799	ООО Леторг Апельсины Leta	21
800	Heipz GmbH Томаты Leta	47
801	Leizein Шоколадка Перископ	40
802	Kerton Молоко James Bondski	1
803	ООО Леторг Семечки Ревалон	43
804	ВНИИ Агропром Доска деревянная Leta	26
805	ООО Леторг Рубашка хб Поездка	34
806	ООО Леторг Ручка шариковая Red Line	7
807	Kerton Молоко Red Line	3
808	Heipz GmbH Шоколадка Ромашка	6
809	Kerton Шоколадка Red Line	49
810	Heipz GmbH Масло машинное James Bondski	40
811	Leizein Лапша бп Ромашка	20
812	ВНИИ Агропром Томаты Перископ	41
813	Leizein Куриные грудки Поездка	44
814	ООО Леторг Конфеты шоколадные James Bondski	22
815	Heipz GmbH Конфеты шоколадные Ревалон	27
816	Uzuma-Kolberg Квас Red Line	42
817	Kerton Куриные грудки Ревалон	43
818	Heipz GmbH Молоко Ромашка	1
819	Leizein Томаты Перископ	36
820	ОАО РосМосГосТорг Семечки Ревалон	43
821	ОАО РосМосГосТорг Доска деревянная Перископ	10
822	Leizein Шоколадка Поездка	37
823	ОАО РосМосГосТорг Доска деревянная Перископ	48
824	Heipz GmbH Мотоцикл Leta	17
825	Uzuma-Kolberg Анальгин Перископ	10
826	Kerton Ручка шариковая Shadow	11
827	ОАО РосМосГосТорг Масло подсолнечное Shadow	20
828	Kerton Мотоцикл James Bondski	32
829	ВНИИ Агропром Семечки Red Line	8
830	ВНИИ Агропром Лимонад Байкал James Bondski	29
831	ООО Леторг Квас Ромашка	20
832	Uzuma-Kolberg Лимонад Байкал Red Line	26
833	Uzuma-Kolberg Куриные грудки Red Line	44
834	Uzuma-Kolberg Томаты James Bondski	7
835	Leizein Мотоцикл James Bondski	42
836	Uzuma-Kolberg Масло подсолнечное Ревалон	40
837	Kerton Апельсины James Bondski	13
838	Uzuma-Kolberg Лимонад Байкал Red Line	8
839	Kerton Масло подсолнечное Leta	31
840	ВНИИ Агропром Конфеты шоколадные Leta	21
841	ОАО РосМосГосТорг Апельсины Ромашка	21
842	ОАО РосМосГосТорг Яблоки Антоновка Поездка	5
843	ООО Леторг Масло машинное Red Line	9
844	ООО Леторг Бензин АИ-95 James Bondski	2
845	ООО Леторг Томаты Перископ	19
846	ОАО РосМосГосТорг Масло подсолнечное Shadow	47
847	ОАО РосМосГосТорг Лимонад Байкал Ревалон	4
848	Heipz GmbH Доска деревянная Shadow	29
849	ВНИИ Агропром Лапша бп James Bondski	26
850	Leizein Ручка шариковая Shadow	41
851	ВНИИ Агропром Мотоцикл Ромашка	6
852	Heipz GmbH Конфеты шоколадные James Bondski	29
853	ООО Леторг Пиво Жигули барное Red Line	23
854	ОАО РосМосГосТорг Квас Поездка	43
855	ОАО РосМосГосТорг Томаты Ромашка	12
856	Leizein Бензин АИ-95 Leta	1
857	ООО Леторг Апельсины Ромашка	21
858	Kerton Пиво Жигули барное Red Line	6
859	Leizein Молоко Поездка	44
860	Uzuma-Kolberg Апельсины Shadow	49
861	Heipz GmbH Яблоки Антоновка Ревалон	3
862	Kerton Шоколадка Перископ	1
863	Uzuma-Kolberg Пиво Жигули барное Leta	44
864	Uzuma-Kolberg Сталь Ромашка	11
865	Leizein Томаты Shadow	9
866	ОАО РосМосГосТорг Лимонад Байкал Ревалон	41
867	ООО Леторг Шоколадка Поездка	32
868	ОАО РосМосГосТорг Масло подсолнечное Ревалон	46
869	Uzuma-Kolberg Яблоки Антоновка Shadow	23
870	Heipz GmbH Бензин АИ-95 Поездка	21
871	ВНИИ Агропром Шоколадка Перископ	12
872	Heipz GmbH Бензин АИ-95 James Bondski	49
873	Kerton Томаты James Bondski	15
874	ОАО РосМосГосТорг Пиво Жигули барное Ромашка	30
875	Heipz GmbH Мотоцикл Перископ	34
876	ОАО РосМосГосТорг Яблоки Антоновка Leta	21
877	ОАО РосМосГосТорг Конфеты шоколадные Shadow	40
878	Leizein Куриные грудки Red Line	33
879	ВНИИ Агропром Бензин АИ-95 Leta	42
880	Heipz GmbH Лимонад Байкал James Bondski	38
881	Kerton Семечки Red Line	36
882	ОАО РосМосГосТорг Анальгин Ревалон	34
883	Heipz GmbH Куриные грудки Leta	45
884	Leizein Ручка шариковая Перископ	12
885	Uzuma-Kolberg Квас Перископ	30
886	ООО Леторг Куриные грудки Leta	26
887	ВНИИ Агропром Конфеты шоколадные Leta	42
888	ООО Леторг Пиво Жигули барное Перископ	14
889	ООО Леторг Конфеты шоколадные Поездка	16
890	Leizein Шоколадка Поездка	24
891	ООО Леторг Масло подсолнечное James Bondski	13
892	Uzuma-Kolberg Квас Ревалон	21
893	Heipz GmbH Томаты Ревалон	15
894	ОАО РосМосГосТорг Доска деревянная Перископ	5
895	Kerton Масло подсолнечное Ромашка	2
896	Heipz GmbH Лимонад Байкал Leta	35
897	ВНИИ Агропром Томаты James Bondski	18
898	Kerton Бензин АИ-95 Red Line	31
899	Uzuma-Kolberg Лапша бп Leta	16
900	Kerton Шоколадка Поездка	10
901	Uzuma-Kolberg Семечки Перископ	30
902	Uzuma-Kolberg Доска деревянная Shadow	27
903	ОАО РосМосГосТорг Мотоцикл James Bondski	15
904	ООО Леторг Лапша бп James Bondski	23
905	Kerton Бензин АИ-95 Ревалон	1
906	Heipz GmbH Куриные грудки Leta	30
907	ОАО РосМосГосТорг Бензин АИ-95 Поездка	36
908	ВНИИ Агропром Шоколадка Leta	41
909	ООО Леторг Мотоцикл Shadow	21
910	ООО Леторг Лимонад Байкал Leta	22
911	Leizein Куриные грудки Red Line	27
912	Heipz GmbH Рубашка хб Shadow	6
913	ОАО РосМосГосТорг Ручка шариковая James Bondski	17
914	ООО Леторг Молоко Перископ	47
915	ООО Леторг Квас James Bondski	22
916	ООО Леторг Томаты Поездка	27
917	Heipz GmbH Конфеты шоколадные Ромашка	42
918	ВНИИ Агропром Лимонад Байкал Ревалон	6
919	ВНИИ Агропром Апельсины Shadow	30
920	Leizein Анальгин Перископ	20
921	Kerton Лапша бп Поездка	17
922	Uzuma-Kolberg Анальгин Ромашка	46
923	ВНИИ Агропром Сталь Ромашка	25
924	ООО Леторг Конфеты шоколадные James Bondski	43
925	ОАО РосМосГосТорг Куриные грудки Перископ	11
926	ВНИИ Агропром Лапша бп Перископ	28
927	ВНИИ Агропром Молоко Ревалон	3
928	Leizein Масло подсолнечное James Bondski	26
929	Kerton Доска деревянная Перископ	43
930	Kerton Молоко Red Line	31
931	ООО Леторг Молоко Leta	24
932	ВНИИ Агропром Конфеты шоколадные Перископ	16
933	Uzuma-Kolberg Шоколадка Ромашка	9
934	Heipz GmbH Анальгин Ромашка	31
935	ООО Леторг Апельсины Поездка	19
936	ООО Леторг Шоколадка Поездка	31
937	ООО Леторг Ручка шариковая Ромашка	36
938	Heipz GmbH Мотоцикл James Bondski	39
939	Uzuma-Kolberg Лимонад Байкал James Bondski	47
940	ВНИИ Агропром Квас James Bondski	24
941	ООО Леторг Семечки Перископ	31
942	Kerton Апельсины Shadow	21
943	ООО Леторг Сталь Ревалон	33
944	Leizein Ручка шариковая Поездка	7
945	ОАО РосМосГосТорг Лимонад Байкал James Bondski	9
946	ОАО РосМосГосТорг Квас Ревалон	1
947	Heipz GmbH Молоко Перископ	37
948	Leizein Конфеты шоколадные Leta	37
949	Heipz GmbH Пиво Жигули барное Red Line	23
950	Heipz GmbH Шоколадка Ромашка	24
951	ООО Леторг Шоколадка Leta	34
952	ОАО РосМосГосТорг Конфеты шоколадные Перископ	31
953	Heipz GmbH Лимонад Байкал Red Line	41
954	ООО Леторг Яблоки Антоновка James Bondski	45
955	ОАО РосМосГосТорг Мотоцикл Leta	2
956	Uzuma-Kolberg Семечки Shadow	34
957	ОАО РосМосГосТорг Лимонад Байкал Shadow	22
958	Uzuma-Kolberg Сталь Shadow	31
959	Heipz GmbH Конфеты шоколадные Перископ	45
960	ОАО РосМосГосТорг Масло машинное Red Line	45
961	ОАО РосМосГосТорг Ручка шариковая Ревалон	7
962	Leizein Масло машинное James Bondski	17
963	Kerton Бензин АИ-95 James Bondski	38
964	Uzuma-Kolberg Рубашка хб James Bondski	18
965	Uzuma-Kolberg Рубашка хб Ревалон	38
966	ОАО РосМосГосТорг Квас Перископ	6
967	Kerton Лапша бп Поездка	45
968	Heipz GmbH Рубашка хб Перископ	22
969	Leizein Яблоки Антоновка Leta	43
970	ОАО РосМосГосТорг Томаты Поездка	1
971	ООО Леторг Пиво Жигули барное Ревалон	48
972	Kerton Шоколадка James Bondski	20
973	ОАО РосМосГосТорг Лапша бп Red Line	16
974	ООО Леторг Лимонад Байкал Ревалон	10
975	ОАО РосМосГосТорг Куриные грудки Ревалон	5
976	ОАО РосМосГосТорг Доска деревянная Leta	46
977	Heipz GmbH Мотоцикл Перископ	38
978	ООО Леторг Семечки Shadow	3
979	Uzuma-Kolberg Томаты James Bondski	39
980	ООО Леторг Масло подсолнечное Ревалон	19
981	Uzuma-Kolberg Лимонад Байкал Поездка	17
982	ВНИИ Агропром Лапша бп Перископ	1
983	Uzuma-Kolberg Семечки Leta	25
984	Kerton Сталь Ревалон	14
985	ОАО РосМосГосТорг Яблоки Антоновка James Bondski	24
986	Uzuma-Kolberg Лапша бп Поездка	13
987	Heipz GmbH Рубашка хб James Bondski	3
988	Leizein Лапша бп Ромашка	47
989	Kerton Куриные грудки Перископ	29
990	ООО Леторг Масло машинное Ромашка	31
991	Uzuma-Kolberg Масло машинное Ромашка	37
992	Heipz GmbH Доска деревянная Shadow	44
993	Leizein Лимонад Байкал Leta	7
994	Leizein Лапша бп James Bondski	45
995	Heipz GmbH Пиво Жигули барное Поездка	48
996	Kerton Доска деревянная Red Line	11
997	ООО Леторг Лимонад Байкал Leta	36
998	ООО Леторг Ручка шариковая Leta	16
999	ООО Леторг Мотоцикл Red Line	27
1000	Uzuma-Kolberg Квас Leta	15